Справочник,№ значения,Значение справочника
ВОЗМОЖНА_ИПОТЕКА,1,ДА
ВОЗМОЖНА_ИПОТЕКА,2,НЕТ
МАТЕРИАЛ_НАРУЖНЫХ_СТЕН,1,ДЕРЕВЯННЫЕ
МАТЕРИАЛ_НАРУЖНЫХ_СТЕН,2,ИНОЕ
МАТЕРИАЛ_НАРУЖНЫХ_СТЕН,3,"КАРКАСНЫЕ ДЕРЕВЯННЫЕ (СЭНДВИЧ-ПАНЕЛИ, КАНАДСКИЕ ДОМА И Т.П.)"
МАТЕРИАЛ_НАРУЖНЫХ_СТЕН,4,КИРПИЧНЫЕ
МАТЕРИАЛ_НАРУЖНЫХ_СТЕН,5,ЛЕГКОБЕТОННЫЕ БЛОКИ С ДАЛЬНЕЙШЕЙ ОБЛИЦОВКОЙ ПАНЕЛЯМИ
МАТЕРИАЛ_НАРУЖНЫХ_СТЕН,6,ЛЕГКОБЕТОННЫЕ БЛОКИ С ДАЛЬНЕЙШЕЙ ШТУКАТУРКОЙ И ОТДЕЛКОЙ
МАТЕРИАЛ_НАРУЖНЫХ_СТЕН,7,"ЛЕГКОБЕТОННЫЕ БЛОКИ С ОБЛИЦОВКОЙ ПАНЕЛЯМИ (НАВЕСНЫЕ ПАНЕЛИ, БЛОК-ХАУС И Т.П.)"
МАТЕРИАЛ_НАРУЖНЫХ_СТЕН,8,ПАНЕЛЬНЫЕ (СБОРНО-ЖЕЛЕЗОБЕТОННЫЕ)
НАЛИЧИЕ_И_МЕСТО_РАСПОЛОЖЕНИЯ_КОММЕРЧЕСКИХ_ПОМЕЩЕНИЙ,1,НЕТ
НАЛИЧИЕ_И_МЕСТО_РАСПОЛОЖЕНИЯ_КОММЕРЧЕСКИХ_ПОМЕЩЕНИЙ,2,ПОДВАЛ
НАЛИЧИЕ_И_МЕСТО_РАСПОЛОЖЕНИЯ_КОММЕРЧЕСКИХ_ПОМЕЩЕНИЙ,3,ЦОКОЛЬ
НАЛИЧИЕ_И_МЕСТО_РАСПОЛОЖЕНИЯ_КОММЕРЧЕСКИХ_ПОМЕЩЕНИЙ,4,СТИЛОБАТ
НАЛИЧИЕ_И_МЕСТО_РАСПОЛОЖЕНИЯ_КОММЕРЧЕСКИХ_ПОМЕЩЕНИЙ,5,1 ЭТАЖ
НАЛИЧИЕ_И_МЕСТО_РАСПОЛОЖЕНИЯ_КОММЕРЧЕСКИХ_ПОМЕЩЕНИЙ,6,1-2 ЭТАЖИ
НАЛИЧИЕ_И_МЕСТО_РАСПОЛОЖЕНИЯ_КОММЕРЧЕСКИХ_ПОМЕЩЕНИЙ,7,1-3 ЭТАЖИ
НАЛИЧИЕ_И_МЕСТО_РАСПОЛОЖЕНИЯ_КОММЕРЧЕСКИХ_ПОМЕЩЕНИЙ,8,1 И 3 ЭТАЖИ
НАЛИЧИЕ_И_МЕСТО_РАСПОЛОЖЕНИЯ_КОММЕРЧЕСКИХ_ПОМЕЩЕНИЙ,9,2-3 ЭТАЖИ
НАЛИЧИЕ_И_МЕСТО_РАСПОЛОЖЕНИЯ_КОММЕРЧЕСКИХ_ПОМЕЩЕНИЙ,10,ЦОКОЛЬ - 1 ЭТАЖ
НАЛИЧИЕ_И_МЕСТО_РАСПОЛОЖЕНИЯ_КОММЕРЧЕСКИХ_ПОМЕЩЕНИЙ,11,ПОДВАЛ - 1 ЭТАЖ
НАЛИЧИЕ_И_МЕСТО_РАСПОЛОЖЕНИЯ_КОММЕРЧЕСКИХ_ПОМЕЩЕНИЙ,12,ЦОКОЛЬ - 2 ЭТАЖ
НАЛИЧИЕ_И_МЕСТО_РАСПОЛОЖЕНИЯ_КОММЕРЧЕСКИХ_ПОМЕЩЕНИЙ,13,ПОДВАЛ - 2 ЭТАЖ
НАЛИЧИЕ_И_МЕСТО_РАСПОЛОЖЕНИЯ_КОММЕРЧЕСКИХ_ПОМЕЩЕНИЙ,14,ЦОКОЛЬ - 3 ЭТАЖ
НАЛИЧИЕ_И_МЕСТО_РАСПОЛОЖЕНИЯ_КОММЕРЧЕСКИХ_ПОМЕЩЕНИЙ,15,ПОДВАЛ - 3 ЭТАЖ
ОГРАЖДЕНИЕ_ТЕРРИТОРИИ,1,ДА
ОГРАЖДЕНИЕ_ТЕРРИТОРИИ,2,НЕТ
ОГРАЖДЕНИЕ_ТЕРРИТОРИИ,3,НЕ УКАЗАНО
ОСТЕКЛЕНИЕ_ЛОДЖИЙ_/_БАЛКОНОВ,1,ДА
ОСТЕКЛЕНИЕ_ЛОДЖИЙ_/_БАЛКОНОВ,2,НЕТ
ОСТЕКЛЕНИЕ_ЛОДЖИЙ_/_БАЛКОНОВ,3,НЕИЗВЕСТНО
ОСТЕКЛЕНИЕ_ЛОДЖИЙ_/_БАЛКОНОВ,4,ПО ЖЕЛАНИЮ ПОКУПАТЕЛЯ
ОХРАНА,1,НЕТ
ОХРАНА,2,КОНСЬЕРЖ
ОХРАНА,3,КПП НА ВЪЕЗД
ОХРАНА,4,"ВИДЕОНАБЛЮДЕНИЕ, КПП И ОХРАНА ВНУТРЕННЕЙ ТЕРРИТОРИИ"
ОХРАНА,5,НЕИЗВЕСТНО
ПОТРЕБИТЕЛЬСКИЙ_КЛАСС,1,ЭКОНОМ-КЛАСС
ПОТРЕБИТЕЛЬСКИЙ_КЛАСС,2,СРЕДНИЙ
ПОТРЕБИТЕЛЬСКИЙ_КЛАСС,3,БИЗНЕС-КЛАСС
ПОТРЕБИТЕЛЬСКИЙ_КЛАСС,4,ЭЛИТНЫЙ
СТАДИЯ_СТРОИТЕЛЬСТВА,1,0. ПРОЕКТ
СТАДИЯ_СТРОИТЕЛЬСТВА,2,1. ПРОЕКТНАЯ ДЕКЛАРАЦИЯ
СТАДИЯ_СТРОИТЕЛЬСТВА,3,2. НАЧАЛО СТРОИТЕЛЬСТВА - ЗАКЛАДКА ФУНДАМЕНТА
СТАДИЯ_СТРОИТЕЛЬСТВА,4,3. ВОЗВЕДЕНИЕ СТЕН ДОМА
СТАДИЯ_СТРОИТЕЛЬСТВА,5,4. ЗАВЕРШЕНИЕ МОНТАЖА И ПОДКЛЮЧЕНИЕ ВНУТРЕННЕГО ИНЖЕНЕРНОГО ОБОРУДОВАНИЯ
СТАДИЯ_СТРОИТЕЛЬСТВА,6,5. ВВЕДЕННЫЙ В  ЭКСПЛУАТАЦИЮ  ДОМ
СТАДИЯ_СТРОИТЕЛЬСТВА,7,"6. ЖИЛЬЕ, ОФОРМЛЕННОЕ В СОБСТВЕННОСТЬ ЗАСТРОЙЩИКА"
СТАТУС_РЕАЛИЗАЦИИ,1,В ПРОДАЖЕ
СТАТУС_РЕАЛИЗАЦИИ,2,ПРОДАН
СТАТУС_РЕАЛИЗАЦИИ,3,НЕ ДЛЯ ПРОДАЖИ (СОЦИАЛЬНЫЙ)
СТАТУС_РЕАЛИЗАЦИИ,4,ПЛАНИРУЕМЫЙ
СТАТУС_РЕАЛИЗАЦИИ,5,ПРОДАЖИ ПРИОСТАНОВЛЕНЫ
СТАТУС_СТРОИТЕЛЬСТВА,1,ВЕДЕТСЯ
СТАТУС_СТРОИТЕЛЬСТВА,2,НЕ ВЕДЕТСЯ (ПРИОСТАНОВЛЕНО)
СТАТУС_СТРОИТЕЛЬСТВА,3,ЗАВЕРШЕНО
СУБЪЕКТ РОССИЙСКОЙ ФЕДЕРАЦИИ ,1,АЛТАЙСКИЙ КРАЙ
СУБЪЕКТ РОССИЙСКОЙ ФЕДЕРАЦИИ ,2,АМУРСКАЯ ОБЛАСТЬ
СУБЪЕКТ РОССИЙСКОЙ ФЕДЕРАЦИИ ,3,АРХАНГЕЛЬСКАЯ ОБЛАСТЬ
СУБЪЕКТ РОССИЙСКОЙ ФЕДЕРАЦИИ ,4,АСТРАХАНСКАЯ ОБЛАСТЬ
СУБЪЕКТ РОССИЙСКОЙ ФЕДЕРАЦИИ ,5,БЕЛГОРОДСКАЯ ОБЛАСТЬ
СУБЪЕКТ РОССИЙСКОЙ ФЕДЕРАЦИИ ,6,БРЯНСКАЯ ОБЛАСТЬ
СУБЪЕКТ РОССИЙСКОЙ ФЕДЕРАЦИИ ,7,ВЛАДИМИРСКАЯ ОБЛАСТЬ
СУБЪЕКТ РОССИЙСКОЙ ФЕДЕРАЦИИ ,8,ВОЛГОГРАДСКАЯ ОБЛАСТЬ
СУБЪЕКТ РОССИЙСКОЙ ФЕДЕРАЦИИ ,9,ВОЛОГОДСКАЯ ОБЛАСТЬ
СУБЪЕКТ РОССИЙСКОЙ ФЕДЕРАЦИИ ,10,ВОРОНЕЖСКАЯ ОБЛАСТЬ
СУБЪЕКТ РОССИЙСКОЙ ФЕДЕРАЦИИ ,11,ЕВРЕЙСКАЯ АВТОНОМНАЯ ОБЛАСТЬ
СУБЪЕКТ РОССИЙСКОЙ ФЕДЕРАЦИИ ,12,ЗАБАЙКАЛЬСКИЙ КРАЙ
СУБЪЕКТ РОССИЙСКОЙ ФЕДЕРАЦИИ ,13,ИВАНОВСКАЯ ОБЛАСТЬ
СУБЪЕКТ РОССИЙСКОЙ ФЕДЕРАЦИИ ,14,ИРКУТСКАЯ ОБЛАСТЬ
СУБЪЕКТ РОССИЙСКОЙ ФЕДЕРАЦИИ ,15,КАБАРДИНО-БАЛКАРСКАЯ РЕСПУБЛИКА
СУБЪЕКТ РОССИЙСКОЙ ФЕДЕРАЦИИ ,16,КАЛИНИНГРАДСКАЯ ОБЛАСТЬ
СУБЪЕКТ РОССИЙСКОЙ ФЕДЕРАЦИИ ,17,КАЛУЖСКАЯ ОБЛАСТЬ
СУБЪЕКТ РОССИЙСКОЙ ФЕДЕРАЦИИ ,18,КАМЧАТСКИЙ КРАЙ
СУБЪЕКТ РОССИЙСКОЙ ФЕДЕРАЦИИ ,19,КАРАЧАЕВО-ЧЕРКЕССКАЯ РЕСПУБЛИКА
СУБЪЕКТ РОССИЙСКОЙ ФЕДЕРАЦИИ ,20,КЕМЕРОВСКАЯ ОБЛАСТЬ
СУБЪЕКТ РОССИЙСКОЙ ФЕДЕРАЦИИ ,21,КИРОВСКАЯ ОБЛАСТЬ
СУБЪЕКТ РОССИЙСКОЙ ФЕДЕРАЦИИ ,22,КОСТРОМСКАЯ ОБЛАСТЬ
СУБЪЕКТ РОССИЙСКОЙ ФЕДЕРАЦИИ ,23,КРАСНОДАРСКИЙ КРАЙ
СУБЪЕКТ РОССИЙСКОЙ ФЕДЕРАЦИИ ,24,КРАСНОЯРСКИЙ КРАЙ
СУБЪЕКТ РОССИЙСКОЙ ФЕДЕРАЦИИ ,25,КУРГАНСКАЯ ОБЛАСТЬ
СУБЪЕКТ РОССИЙСКОЙ ФЕДЕРАЦИИ ,26,КУРСКАЯ ОБЛАСТЬ
СУБЪЕКТ РОССИЙСКОЙ ФЕДЕРАЦИИ ,27,ЛЕНИНГРАДСКАЯ ОБЛАСТЬ
СУБЪЕКТ РОССИЙСКОЙ ФЕДЕРАЦИИ ,28,ЛИПЕЦКАЯ ОБЛАСТЬ
СУБЪЕКТ РОССИЙСКОЙ ФЕДЕРАЦИИ ,29,МАГАДАНСКАЯ ОБЛАСТЬ
СУБЪЕКТ РОССИЙСКОЙ ФЕДЕРАЦИИ ,30,МОСКВА
СУБЪЕКТ РОССИЙСКОЙ ФЕДЕРАЦИИ ,31,МОСКОВСКАЯ ОБЛАСТЬ
СУБЪЕКТ РОССИЙСКОЙ ФЕДЕРАЦИИ ,32,МУРМАНСКАЯ ОБЛАСТЬ
СУБЪЕКТ РОССИЙСКОЙ ФЕДЕРАЦИИ ,33,НЕНЕЦКИЙ АВТОНОМНЫЙ ОКРУГ
СУБЪЕКТ РОССИЙСКОЙ ФЕДЕРАЦИИ ,34,НИЖЕГОРОДСКАЯ ОБЛАСТЬ
СУБЪЕКТ РОССИЙСКОЙ ФЕДЕРАЦИИ ,35,НОВГОРОДСКАЯ ОБЛАСТЬ
СУБЪЕКТ РОССИЙСКОЙ ФЕДЕРАЦИИ ,36,НОВОСИБИРСКАЯ ОБЛАСТЬ
СУБЪЕКТ РОССИЙСКОЙ ФЕДЕРАЦИИ ,37,ОМСКАЯ ОБЛАСТЬ
СУБЪЕКТ РОССИЙСКОЙ ФЕДЕРАЦИИ ,38,ОРЕНБУРГСКАЯ ОБЛАСТЬ
СУБЪЕКТ РОССИЙСКОЙ ФЕДЕРАЦИИ ,39,ОРЛОВСКАЯ ОБЛАСТЬ
СУБЪЕКТ РОССИЙСКОЙ ФЕДЕРАЦИИ ,40,ПЕНЗЕНСКАЯ ОБЛАСТЬ
СУБЪЕКТ РОССИЙСКОЙ ФЕДЕРАЦИИ ,41,ПЕРМСКИЙ КРАЙ
СУБЪЕКТ РОССИЙСКОЙ ФЕДЕРАЦИИ ,42,ПРИМОРСКИЙ КРАЙ
СУБЪЕКТ РОССИЙСКОЙ ФЕДЕРАЦИИ ,43,ПСКОВСКАЯ ОБЛАСТЬ
СУБЪЕКТ РОССИЙСКОЙ ФЕДЕРАЦИИ ,44,РЕСПУБЛИКА АДЫГЕЯ (АДЫГЕЯ)
СУБЪЕКТ РОССИЙСКОЙ ФЕДЕРАЦИИ ,45,РЕСПУБЛИКА АЛТАЙ
СУБЪЕКТ РОССИЙСКОЙ ФЕДЕРАЦИИ ,46,РЕСПУБЛИКА БАШКОРТОСТАН
СУБЪЕКТ РОССИЙСКОЙ ФЕДЕРАЦИИ ,47,РЕСПУБЛИКА БУРЯТИЯ
СУБЪЕКТ РОССИЙСКОЙ ФЕДЕРАЦИИ ,48,РЕСПУБЛИКА ДАГЕСТАН
СУБЪЕКТ РОССИЙСКОЙ ФЕДЕРАЦИИ ,49,РЕСПУБЛИКА ИНГУШЕТИЯ
СУБЪЕКТ РОССИЙСКОЙ ФЕДЕРАЦИИ ,50,РЕСПУБЛИКА КАЛМЫКИЯ
СУБЪЕКТ РОССИЙСКОЙ ФЕДЕРАЦИИ ,51,РЕСПУБЛИКА КАРЕЛИЯ
СУБЪЕКТ РОССИЙСКОЙ ФЕДЕРАЦИИ ,52,РЕСПУБЛИКА КОМИ
СУБЪЕКТ РОССИЙСКОЙ ФЕДЕРАЦИИ ,53,РЕСПУБЛИКА МАРИЙ ЭЛ
СУБЪЕКТ РОССИЙСКОЙ ФЕДЕРАЦИИ ,54,РЕСПУБЛИКА МОРДОВИЯ
СУБЪЕКТ РОССИЙСКОЙ ФЕДЕРАЦИИ ,55,РЕСПУБЛИКА САХА (ЯКУТИЯ)
СУБЪЕКТ РОССИЙСКОЙ ФЕДЕРАЦИИ ,56,РЕСПУБЛИКА СЕВЕРНАЯ ОСЕТИЯ - АЛАНИЯ
СУБЪЕКТ РОССИЙСКОЙ ФЕДЕРАЦИИ ,57,РЕСПУБЛИКА ТАТАРСТАН (ТАТАРСТАН)
СУБЪЕКТ РОССИЙСКОЙ ФЕДЕРАЦИИ ,58,РЕСПУБЛИКА ТЫВА
СУБЪЕКТ РОССИЙСКОЙ ФЕДЕРАЦИИ ,59,РЕСПУБЛИКА ХАКАСИЯ
СУБЪЕКТ РОССИЙСКОЙ ФЕДЕРАЦИИ ,60,РОСТОВСКАЯ ОБЛАСТЬ
СУБЪЕКТ РОССИЙСКОЙ ФЕДЕРАЦИИ ,61,РЯЗАНСКАЯ ОБЛАСТЬ
СУБЪЕКТ РОССИЙСКОЙ ФЕДЕРАЦИИ ,62,САМАРСКАЯ ОБЛАСТЬ
СУБЪЕКТ РОССИЙСКОЙ ФЕДЕРАЦИИ ,63,САНКТ-ПЕТЕРБУРГ
СУБЪЕКТ РОССИЙСКОЙ ФЕДЕРАЦИИ ,64,САРАТОВСКАЯ ОБЛАСТЬ
СУБЪЕКТ РОССИЙСКОЙ ФЕДЕРАЦИИ ,65,САХАЛИНСКАЯ ОБЛАСТЬ
СУБЪЕКТ РОССИЙСКОЙ ФЕДЕРАЦИИ ,66,СВЕРДЛОВСКАЯ ОБЛАСТЬ
СУБЪЕКТ РОССИЙСКОЙ ФЕДЕРАЦИИ ,67,СМОЛЕНСКАЯ ОБЛАСТЬ
СУБЪЕКТ РОССИЙСКОЙ ФЕДЕРАЦИИ ,68,СТАВРОПОЛЬСКИЙ КРАЙ
СУБЪЕКТ РОССИЙСКОЙ ФЕДЕРАЦИИ ,69,ТАМБОВСКАЯ ОБЛАСТЬ
СУБЪЕКТ РОССИЙСКОЙ ФЕДЕРАЦИИ ,70,ТВЕРСКАЯ ОБЛАСТЬ
СУБЪЕКТ РОССИЙСКОЙ ФЕДЕРАЦИИ ,71,ТОМСКАЯ ОБЛАСТЬ
СУБЪЕКТ РОССИЙСКОЙ ФЕДЕРАЦИИ ,72,ТУЛЬСКАЯ ОБЛАСТЬ
СУБЪЕКТ РОССИЙСКОЙ ФЕДЕРАЦИИ ,73,ТЮМЕНСКАЯ ОБЛАСТЬ
СУБЪЕКТ РОССИЙСКОЙ ФЕДЕРАЦИИ ,74,УДМУРТСКАЯ РЕСПУБЛИКА
СУБЪЕКТ РОССИЙСКОЙ ФЕДЕРАЦИИ ,75,УЛЬЯНОВСКАЯ ОБЛАСТЬ
СУБЪЕКТ РОССИЙСКОЙ ФЕДЕРАЦИИ ,76,ХАБАРОВСКИЙ КРАЙ
СУБЪЕКТ РОССИЙСКОЙ ФЕДЕРАЦИИ ,77,ХАНТЫ-МАНСИЙСКИЙ АВТОНОМНЫЙ ОКРУГ – ЮГРА
СУБЪЕКТ РОССИЙСКОЙ ФЕДЕРАЦИИ ,78,ЧЕЛЯБИНСКАЯ ОБЛАСТЬ
СУБЪЕКТ РОССИЙСКОЙ ФЕДЕРАЦИИ ,79,ЧЕЧЕНСКАЯ РЕСПУБЛИКА
СУБЪЕКТ РОССИЙСКОЙ ФЕДЕРАЦИИ ,80,ЧУВАШСКАЯ РЕСПУБЛИКА - ЧУВАШИЯ
СУБЪЕКТ РОССИЙСКОЙ ФЕДЕРАЦИИ ,81,ЧУКОТСКИЙ АВТОНОМНЫЙ ОКРУГ
СУБЪЕКТ РОССИЙСКОЙ ФЕДЕРАЦИИ ,82,ЯМАЛО-НЕНЕЦКИЙ АВТОНОМНЫЙ ОКРУГ
СУБЪЕКТ РОССИЙСКОЙ ФЕДЕРАЦИИ ,83,ЯРОСЛАВСКАЯ ОБЛАСТЬ
ТЕХНОЛОГИЯ_И_МАТЕРИАЛ_НЕСУЩИХ_КОНСТРУКЦИЙ,1,БЛОЧНЫЕ (ОБЪЕМНО-БЛОЧНЫЕ)
ТЕХНОЛОГИЯ_И_МАТЕРИАЛ_НЕСУЩИХ_КОНСТРУКЦИЙ,2,ДЕРЕВЯННЫЕ
ТЕХНОЛОГИЯ_И_МАТЕРИАЛ_НЕСУЩИХ_КОНСТРУКЦИЙ,3,ИНОЕ
ТЕХНОЛОГИЯ_И_МАТЕРИАЛ_НЕСУЩИХ_КОНСТРУКЦИЙ,4,"КАРКАСНЫЕ (СЭНДВИЧ-ПАНЕЛИ, КАНАДСКИЕ ДОМА И Т.П.)"
ТЕХНОЛОГИЯ_И_МАТЕРИАЛ_НЕСУЩИХ_КОНСТРУКЦИЙ,5,ЛЕГКИЕ СТАЛЬНЫЕ ТОНКОСТЕННЫЕ КОНСТРУКЦИИ (ЛСТК)
ТЕХНОЛОГИЯ_И_МАТЕРИАЛ_НЕСУЩИХ_КОНСТРУКЦИЙ,6,ЛЕГКОБЕТОННЫЕ
ТЕХНОЛОГИЯ_И_МАТЕРИАЛ_НЕСУЩИХ_КОНСТРУКЦИЙ,7,МОНОЛИТНО-КАРКАСНЫЕ
ТЕХНОЛОГИЯ_И_МАТЕРИАЛ_НЕСУЩИХ_КОНСТРУКЦИЙ,8,МОНОЛИТНЫЕ
ТЕХНОЛОГИЯ_И_МАТЕРИАЛ_НЕСУЩИХ_КОНСТРУКЦИЙ,9,ПАНЕЛЬНЫЕ (СБОРНО-ЖЕЛЕЗОБЕТОННЫЕ)
ТЕХНОЛОГИЯ_И_МАТЕРИАЛ_НЕСУЩИХ_КОНСТРУКЦИЙ,10,СМКД (СБОРНО-МОНОЛИТНОЕ КАРКАСНОЕ ДОМОСТРОЕНИЕ)
ТЕХНОЛОГИЯ_И_МАТЕРИАЛ_НЕСУЩИХ_КОНСТРУКЦИЙ,11,КИРПИЧНЫЕ
ТИП_ЗАКЛЮЧАЕМОГО_ДОГОВОРА_С_ПОКУПАТЕЛЕМ,1,ФЗ-214
ТИП_ЗАКЛЮЧАЕМОГО_ДОГОВОРА_С_ПОКУПАТЕЛЕМ,2,ДОГОВОР КУПЛИ-ПРОДАЖИ (ПРИ РЕАЛИЗАЦИИ КВАРТИР В ПОСТРОЕННОМ И СДАННОМ ГК ДОМЕ)
ТИП_ЗАКЛЮЧАЕМОГО_ДОГОВОРА_С_ПОКУПАТЕЛЕМ,3,ИНОЕ
ТИП_ЗАСТРОЙКИ,1,КОМПЛЕКСНОЕ ОСВОЕНИЕ В ЦЕЛЯХ ЖИЛИЩНОГО СТРОИТЕЛЬСТВА
ТИП_ЗАСТРОЙКИ,2,РАЗВИТИЕ ЗАСТРОЕННЫХ ТЕРРИТОРИЙ 
ТИП_ЗАСТРОЙКИ,3,ТОЧЕЧНАЯ
ТИП_ОБЪЕКТА_ИНФРАСТРУКТУРЫ_(ТОЛЬКО_ДЛЯ_КОМПЛЕКСНОГО_ОСВОЕНИЯ_В_ЦЕЛЯХ_ЖИЛИЩНОГО_СТРОИТЕЛЬСТВА),1,НЕТ
ТИП_ОБЪЕКТА_ИНФРАСТРУКТУРЫ_(ТОЛЬКО_ДЛЯ_КОМПЛЕКСНОГО_ОСВОЕНИЯ_В_ЦЕЛЯХ_ЖИЛИЩНОГО_СТРОИТЕЛЬСТВА),2,ДЕТСКИЕ ДОШКОЛЬНЫЕ УЧРЕЖДЕНИЯ (В СКОБКАХ КОЛИЧЕСТВО МЕСТ)
ТИП_ОБЪЕКТА_ИНФРАСТРУКТУРЫ_(ТОЛЬКО_ДЛЯ_КОМПЛЕКСНОГО_ОСВОЕНИЯ_В_ЦЕЛЯХ_ЖИЛИЩНОГО_СТРОИТЕЛЬСТВА),3,ОБЩЕОБРАЗОВАТЕЛЬНЫЕ ШКОЛЫ (В СКОБКАХ КОЛИЧЕСТВО МЕСТ)
ТИП_ОБЪЕКТА_ИНФРАСТРУКТУРЫ_(ТОЛЬКО_ДЛЯ_КОМПЛЕКСНОГО_ОСВОЕНИЯ_В_ЦЕЛЯХ_ЖИЛИЩНОГО_СТРОИТЕЛЬСТВА),4,АМБУЛАТОРНО-ПОЛИКЛИНИЧЕСКИЕ УЧРЕЖДЕНИЯ (В СКОБКАХ КОЛИЧЕСТВО МЕСТ)
ТИП_ОБЪЕКТА_ИНФРАСТРУКТУРЫ_(ТОЛЬКО_ДЛЯ_КОМПЛЕКСНОГО_ОСВОЕНИЯ_В_ЦЕЛЯХ_ЖИЛИЩНОГО_СТРОИТЕЛЬСТВА),5,ДЕТСКИЕ ПЛОЩАДКИ
ТИП_ОБЪЕКТА_ИНФРАСТРУКТУРЫ_(ТОЛЬКО_ДЛЯ_КОМПЛЕКСНОГО_ОСВОЕНИЯ_В_ЦЕЛЯХ_ЖИЛИЩНОГО_СТРОИТЕЛЬСТВА),6,СПОРТИВНЫЕ ПЛОЩАДКИ
ТИП_ОБЪЕКТА_ИНФРАСТРУКТУРЫ_(ТОЛЬКО_ДЛЯ_КОМПЛЕКСНОГО_ОСВОЕНИЯ_В_ЦЕЛЯХ_ЖИЛИЩНОГО_СТРОИТЕЛЬСТВА),7,ПОМЕЩЕНИЯ ДЛЯ ФИЗКУЛЬТУРНО-ОЗДОРОВИТЕЛЬНЫХ ЗАНЯТИЙ
ТИП_ОБЪЕКТА_ИНФРАСТРУКТУРЫ_(ТОЛЬКО_ДЛЯ_КОМПЛЕКСНОГО_ОСВОЕНИЯ_В_ЦЕЛЯХ_ЖИЛИЩНОГО_СТРОИТЕЛЬСТВА),8,"ПРЕДПРИЯТИЯ ТОРГОВЛИ, ОБЩЕСТВЕННОГО ПИТАНИЯ И БЫТОВОГО ОБСЛУЖИВАНИЯ ПОВСЕДНЕВНОГО ПОЛЬЗОВАНИЯ"
ТИП_ОБЪЕКТА_ИНФРАСТРУКТУРЫ_(ТОЛЬКО_ДЛЯ_КОМПЛЕКСНОГО_ОСВОЕНИЯ_В_ЦЕЛЯХ_ЖИЛИЩНОГО_СТРОИТЕЛЬСТВА),9,"ЭКСКЛЮЗИВНЫЕ ОБЪЕКТЫ (СТАВИТСЯ В СЛУЧАЕ НЕТРИВИАЛЬНЫХ ОБЪЕКТОВ ИНФРАСТРУКТУРЫ - КАТОК, ПАРК РАЗВЛЕЧЕНИЙ ИЛИ ЧТО-ТО ПОДОБНОЕ)"
ТИП_ОТДЕЛКИ_КВАРТИР,1,НЕТ
ТИП_ОТДЕЛКИ_КВАРТИР,2,ПОД КЛЮЧ
ТИП_ОТДЕЛКИ_КВАРТИР,3,ПРОЧЕЕ
ТИП_ПАРКИНГА_,1,НЕТ
ТИП_ПАРКИНГА_,2,ПОДЗЕМНЫЙ
ТИП_ПАРКИНГА_,3,НАДЗЕМНЫЙ
ТИП_ПАРКИНГА_,4,НЕИЗВЕСТНО
ТИП_ПРОЕКТНОЙ_ДОКУМЕНТАЦИИ,1,ИНДИВИДУАЛЬНАЯ
ТИП_ПРОЕКТНОЙ_ДОКУМЕНТАЦИИ,2,ТИПОВАЯ
ТИП_ПРОЕКТНОЙ_ДОКУМЕНТАЦИИ,3,НЕИЗВЕСТНО
ТИП_УЛИЦЫ,1,АЛЛЕЯ
ТИП_УЛИЦЫ,2,БУЛЬВАР
ТИП_УЛИЦЫ,3,ГОРОДОК
ТИП_УЛИЦЫ,4,ДЕРЕВНЯ
ТИП_УЛИЦЫ,5,ДОРОГА
ТИП_УЛИЦЫ,6,КВАРТАЛ
ТИП_УЛИЦЫ,7,КРЕПОСТЬ
ТИП_УЛИЦЫ,8,ЛИНИЯ
ТИП_УЛИЦЫ,9,МАГИСТРАЛЬ
ТИП_УЛИЦЫ,10,МЖД
ТИП_УЛИЦЫ,11,МИКРОРАЙОН
ТИП_УЛИЦЫ,12,МКАД
ТИП_УЛИЦЫ,13,НАБЕРЕЖНАЯ
ТИП_УЛИЦЫ,14,ПАРК
ТИП_УЛИЦЫ,15,ПЕРЕУЛОК
ТИП_УЛИЦЫ,16,ПЛАТФОРМА
ТИП_УЛИЦЫ,17,ПЛОЩАДЬ
ТИП_УЛИЦЫ,18,ПОСЕЛОК
ТИП_УЛИЦЫ,19,ПРОЕЗД
ТИП_УЛИЦЫ,20,ПРОСЕК
ТИП_УЛИЦЫ,21,ПРОСПЕКТ
ТИП_УЛИЦЫ,22,СТАНЦИЯ
ТИП_УЛИЦЫ,23,ТУПИК
ТИП_УЛИЦЫ,24,УЛИЦА
ТИП_УЛИЦЫ,25,ШОССЕ
ТИП_ЭТАЖНОСТИ,1,МНОГОЭТАЖНЫЙ
ТИП_ЭТАЖНОСТИ,2,МАЛОЭТАЖНЫЙ
ТИП_ЭТАЖНОСТИ,3,НЕИЗВЕСТНО
УРОВЕНЬ_ОТДЕЛКИ_КВАРТИР,1,ЭКОНОМ (КЛАССИЧЕСКАЯ ОТДЕЛКА ДЕШЕВЫМИ МАТЕРИАЛАМИ)
УРОВЕНЬ_ОТДЕЛКИ_КВАРТИР,2,БИЗНЕС (С ИСПОЛЬЗОВАНИЕМ КАЧЕСТВЕННЫХ МАТЕРИАЛОВ)
УРОВЕНЬ_ОТДЕЛКИ_КВАРТИР,3,ЭКСКЛЮЗИВ (С ИСПОЛЬЗОВАНИЕМ ДОРОГИХ МАТЕРИАЛОВ)
УРОВЕНЬ_ОТДЕЛКИ_КВАРТИР,4,НЕИЗВЕСТНО
УРОВЕНЬ_ОТДЕЛКИ_ОБЩИХ_ПОМЕЩЕНИЙ,1,ЭКОНОМ (БАЗОВАЯ ОТДЕЛКА ДЕШЕВЫМИ МАТЕРИАЛАМИ)
УРОВЕНЬ_ОТДЕЛКИ_ОБЩИХ_ПОМЕЩЕНИЙ,2,БИЗНЕС (ОТДЕЛКА С ИСПОЛЬЗОВАНИЕМ КАЧЕСТВЕННЫХ МАТЕРИАЛОВ
УРОВЕНЬ_ОТДЕЛКИ_ОБЩИХ_ПОМЕЩЕНИЙ,3,ЭКСКЛЮЗИВ (ИСПОЛЬЗОВАНИЕ ДОРОГИХ МАТЕРИАЛОВ)
УРОВЕНЬ_ОТДЕЛКИ_ОБЩИХ_ПОМЕЩЕНИЙ,4,НЕИЗВЕСТНО
ЭКОНОМ,1,ДА
ЭКОНОМ,2,НЕТ
